[
    { 
      "_id": "A101", 
      "title": "Propulsion Assignment", 
      "course": "RS101", 
      "modules": "Multiple Modules", 
      "availability": "Not available until",
      "not_available_till": "2024-05-06",
      "due": "2024-05-13",
      "description": "This assignment tests your knowledge on Propulsion. It is available online. Please follow assigment submission intructions carefully.",
      "points": "100 pts",
      "assignment_group_type": "ASSIGNMENTS",
      "display_grade_as": "GRADE",
      "submission_type": "Online",
      "online_entry_option": ["File Uploads"],
      "available_until":"2024-05-20"
    },
    { 
      "_id": "A102", 
      "title": "Combustion Analysis", 
      "course": "RS101", 
      "modules": "Multiple Modules", 
      "availability": "Not available until",
      "not_available_till": "2024-05-13",
      "due": "2024-05-20",
      "description": "This assignment tests your knowledge on Combustion Analysis. It is available online. Please follow assigment submission intructions carefully.",
      "points": "100 pts",
      "assignment_group_type": "ASSIGNMENTS",
      "display_grade_as": "Percentage",
      "submission_type": "Online",
      "online_entry_option": ["File Uploads"],
      "available_until":"2024-05-27" 
    },
    { 
      "_id": "A103", 
      "title": "Nozzle Design Project", 
      "course": "RS101", 
      "modules": "Multiple Modules", 
      "availability": "Not available until",
      "not_available_till": "2024-05-20",
      "due": "2024-05-27",
      "description": "This project tests your knowledge on Nozzle Design. It is available online. Please follow assigment submission intructions carefully.",
      "points": "100 pts",
      "assignment_group_type": "PROJECT",
      "display_grade_as": "GRADE",
      "submission_type": "Online",
      "online_entry_option": ["Website URL"],
      "available_until":"2024-06-04"
    },
    { 
      "_id": "A201", 
      "title": "Aerodynamics Quiz", 
      "course": "RS102", 
      "modules": "Multiple Modules", 
      "availability": "Not available until",
      "not_available_till": "2024-05-06",
      "due": "2024-05-13",
      "description": "This quiz tests your knowledge on Aerodynamics. It is available online. Please follow assigment submission intructions carefully.",
      "points": "100 pts",
      "assignment_group_type": "QUIZZES",
      "display_grade_as": "GRADE",
      "submission_type": "Online",
      "online_entry_option": ["Student Annotation"],
      "available_until":"2024-05-20"  
    },
    { 
      "_id": "A202", 
      "title": "Flow Analysis", 
      "course": "RS102", 
      "modules": "Multiple Modules", 
      "availability": "Not available until",
      "not_available_till": "2024-05-13",
      "due": "2024-05-20",
      "description": "This assignment tests your knowledge on Flow Analysis. It is available online. Please follow assigment submission intructions carefully.",
      "points": "100 pts",
      "assignment_group_type": "ASSIGNMENTS",
      "display_grade_as": "Percentage",
      "submission_type": "Online",
      "online_entry_option": ["File Uploads"],
      "available_until":"2024-05-27"  
    },
    { 
      "_id": "A203", 
      "title": "Heating Analysis", 
      "course": "RS102", 
      "modules": "Multiple Modules", 
      "availability": "Not available until",
      "not_available_till": "2024-05-20",
      "due": "2024-05-27",
      "description": "This assignment tests your knowledge on Heating Analysis. It is available online. Please follow assigment submission intructions carefully.",
      "points": "100 pts",
      "assignment_group_type": "ASSIGNMENTS",
      "display_grade_as": "Percentage",
      "submission_type": "Online",
      "online_entry_option": ["File Uploads"],
      "available_until":"2024-06-04"  
    },
    { 
      "_id": "A301", 
      "title": "Structural Design Task", 
      "course": "RS103", 
      "modules": "Multiple Modules", 
      "availability": "Not available until",
      "not_available_till": "2024-05-06",
      "due": "2024-05-13",
      "description": "This assignment tests your knowledge on Structural Design. It is available online. Please follow assigment submission intructions carefully.",
      "points": "100 pts",
      "assignment_group_type": "ASSIGNMENTS",
      "display_grade_as": "GRADE",
      "submission_type": "Online",
      "online_entry_option": ["File Uploads"],
      "available_until":"2024-05-20"  
    },
    { 
      "_id": "A302", 
      "title": "Orbital Calculations", 
      "course": "RS103", 
      "modules": "Multiple Modules", 
      "availability": "Not available until",
      "not_available_till": "2024-05-13",
      "due": "2024-05-20",
      "description": "This assignment tests your knowledge on Orbital Calculations. It is available online but must be taken in person. Please follow assigment submission intructions carefully.",
      "points": "100 pts",
      "assignment_group_type": "ASSIGNMENTS",
      "display_grade_as": "GRADE",
      "submission_type": "Online",
      "online_entry_option": ["File Uploads"],
      "available_until":"2024-05-27" 
    },
    { 
      "_id": "A303", 
      "title": "Systems Engineering Exam", 
      "course": "RS103", 
      "modules": "Multiple Modules", 
      "availability": "Not available until",
      "not_available_till": "2024-05-20",
      "due": "2024-05-27",
      "description": "This assignment tests your knowledge on Systems Engineering. It is available online. Please follow assigment submission intructions carefully.",
      "points": "100 pts",
      "assignment_group_type": "EXAM",
      "display_grade_as": "Percentage",
      "submission_type": "Online",
      "online_entry_option": ["File Uploads"],
      "available_until":"2024-06-04"  
    }
  ]